{
  "availability": "MARKET",
  "contextPath": "myapplication",
  "key": "myapplication-appkey",
  "name": "SKA",
  "resourcesUrl": "/",
  "type": "HOSTED",
  "imports": [
    "myapplication/myBranding",
    "myapplication/iconmap",
    "myapplication/deviceApplications",
    
    "c8ydata",

    "core",
    "core/aclManagement",
    "core/actilityProviderSettings",
    "core/alarmAssets",
    "core/alarms",
    "core/alarmsEventsExplorer",
    "core/app-logs",
    "core/app-status",
    "core/app-status-ui",
    "core/applicationLinks",
    "core/asset-notes",
    "core/assetManagement",
    "core/assetPropertyWidget",
    "core/assetTable",
    "core/binary-file-download",
    "core/binaryArtefactsManagement",
    "core/c8yBranding",
    "core/cell-id-information-activator",
    "core/cell-id-usage-statistics",
    "core/configurationRepository",
    "core/connectivity",
    "core/connectivityV2",
    "core/dashboard",
    "core/dashboard2",
    "core/dashboardUI",
    "core/dataBroker",
    "core/dataPointExplorer",
    "core/dataPointTable",
    

    "core/device-info-dashboard",
    "core/device-protocol-impact",
    "core/device-protocol-lwm2m",
    "core/device-protocols",
    "core/deviceActility",
    "core/deviceConfiguration",
    "core/deviceControlMessage",
    "core/deviceControlRelay",
    "core/deviceControlRelayArray",
    "core/deviceDatabase",
    "core/deviceDatabase4",
    "core/deviceDetail",
    "core/deviceDetailBasic",
    "core/deviceDetailControl",
    "core/deviceDetailIdentity",
    "core/deviceDetailSoftware",
    "core/deviceFilter",
    "core/deviceGroupAssignment",
    "core/deviceList",
    "core/deviceManagementHome",
    "core/devicePropertyWidget",
    "core/deviceSelector",
    "core/deviceStatusWidget",
    
    "core/firmwareList",
    "core/group-info-dashboard",
    "core/groupsHierarchy",
    
    "core/oauth",
    "core/softwareList",
    
    "devicemanagement/availability",
    "devicemanagement/deviceBulkControl",
    "devicemanagement/deviceControlList",
    "devicemanagement/deviceManagement",
    "devicemanagement/deviceShell",
    "devicemanagement/eventList",
    "devicemanagement/restartDevice"
    

  ]
}
